0,lemma,frequency
in,in,1406887
sein,sein,1202977
um ... zu,zu,774192
zu,zu,774192
zu,zu,774192
werden,werden,713864
von,von,530525
mit,mit,529970
für,für,518813
an,an,447609
auf,auf,431105
haben,haben,415168
auch,auch,326103
können,können,305117
beim,bei,298275
bei,bei,298275
als,als,218244
als,als,218244
aus,aus,200021
nach,nach,183999
um,um,169125
über,über,157962
dass,dass,151730
das Jahr,Jahr,135887
vor,vor,129995
geben,geben,127957
sollen,sollen,125800
so,so,120727
aber,aber,119965
noch,noch,119715
immer noch,noch,119715
durch,durch,118056
neu,neu,114980
nur,nur,114871
besser,gut,105948
gut,gut,105948
am besten,gut,105948
bis,bis,99450
mehr,mehr,89479
wenn,wenn,82456
groß,groß,82072
kommen,kommen,81368
was,was,77582
stehen,stehen,77541
machen,machen,76430
finden,finden,75121
unterste,unter,74414
unter,unter,74414
gehen,gehen,74278
hier,hier,71633
dann,dann,70577
viele,vieler,68709
wollen,wollen,61532
weit,weit,61019
der Mensch,Mensch,60941
dabei,dabei,60053
stellen,stellen,57179
immer,immer,56601
wieder,wieder,55699
nie wieder,wieder,55699
das Kind,Kind,54880
schon,schon,54618
müssen,müssen,54379
gegen,gegen,53677
damit,damit,53056
seit,seit,52646
deutsch,deutsch,52595
ab,ab,52266
doch,doch,48969
ganz,ganz,48371
da,da,47818
da,da,47818
das Prozent,Prozent,47709
bereits,bereits,47027
liegen,liegen,46181
sagen,sagen,45302
wichtig,wichtig,45027
nun,nun,43969
sehen,sehen,43822
die Zeit,Zeit,42387
höher,hoch,42189
hoch,hoch,42189
jetzt,jetzt,41550
zeigen,zeigen,40863
rund,rund,40745
der Tag,Tag,40289
zwischen,zwischen,39732
zwischen,zwischen,39732
bleiben,bleiben,38461
unternehmen,Unternehmen,38151
dazu,dazu,37116
lassen,lassen,35999
alt,alt,35861
erhalten,erhalten,35841
eigen,eigen,35838
klein,klein,35369
ohne,ohne,34981
das Land,Land,34851
leben,leben,34647
die Uhr,Uhr,34638
möglich,möglich,34337
viel,viel,33851
das Thema,Thema,33461
dürfen,dürfen,33224
nehmen,nehmen,33109
denn,denn,31669
dort,dort,31558
die Schule,Schule,30912
ob,ob,30700
weiter,weiter,30468
einfach,einfach,30269
die Frau,Frau,30234
gemeinsam,gemeinsam,30003
die Stadt,Stadt,29872
arbeiten,arbeiten,29133
das Mal,Mal,29029
jung,jung,28847
dafür,dafür,28820
setzen,setzen,28696
einigen,einiger,28525
die Information,Information,28363
bringen,bringen,28319
spielen,spielen,28180
etwa,etwa,28156
fragen,fragen,27772
also,also,27697
der Bereich,Bereich,27610
sondern,sondern,27585
der Teil,Teil,27305
stark,stark,27069
stark,stark,27069
während,während,26803
das Projekt,Projekt,26578
besonders,besonders,26237
schnell,schnell,25616
zudem,zudem,25613
die Seite,Seite,25375
das Ende,Ende,25357
allerdings,allerdings,25063
die Woche,Woche,24792
gehören,gehören,24619
unterstützen,unterstützen,24600
suchen,suchen,24039
halten,halten,23991
statt,statt,23749
neben,neben,23459
der Weg,Weg,23383
bestehen,bestehen,23352
möchten,möchten,23186
erst,erst,23122
sprechen,sprechen,22402
der Schüler,Schüler,22256
die Person,Person,22202
die Arbeit,Arbeit,22106
weiß,wissen,21928
wissen,wissen,21928
das Beispiel,Beispiel,21792
lang,lang,21547
außerdem,außerdem,21365
kurz,kurz,21252
noch kurz,kurz,21252
tun,tun,21248
treffen,treffen,20983
natürlich,natürlich,20712
der Mann,Mann,20685
das Angebot,Angebot,20492
der Monat,Monat,20453
direkt,direkt,20293
der Ort,Ort,20197
deutlich,deutlich,20164
beginnen,beginnen,20123
weil,weil,19876
die Polizei,Polizei,19810
fallen,fallen,19778
gefallen,fallen,19778
einmal,einmal,19567
noch einmal,einmal,19567
erreichen,erreichen,19565
genau,genau,19443
bekommen,bekommen,19436
laut,laut,19419
international,international,19132
die Welt,Welt,19072
richtig,richtig,19016
die Familie,Familie,18808
helfen,helfen,18605
das Problem,Problem,18370
brauchen,brauchen,18338
wegen,wegen,18312
oft,oft,18275
gleich,gleich,18233
gleich,gleich,18233
insgesamt,insgesamt,18231
spät,spät,18010
später,spät,18010
das Ziel,Ziel,17964
darüber,darüber,17840
erklären,erklären,17829
das Ergebnis,Ergebnis,17722
laufen,laufen,17669
gerade,gerade,17660
folgen,folgen,17658
zusammen,zusammen,17611
solch,solcher,17474
zusätzlich,zusätzlich,17395
deshalb,deshalb,17370
schaffen,schaffen,17124
sogar,sogar,17100
heißen,heißen,17012
schwer,schwer,16994
ja,ja,16963
das Team,Team,16909
lernen,lernen,16603
bestimmt,bestimmen,16566
früher,früh,16515
früh,früh,16515
unterschiedlich,unterschiedlich,16449
der Kunde,Kunde,16397
sicher,sicher,16297
sicher,sicher,16297
handeln,handeln,16264
das Bild,Bild,16254
zurück,zurück,16227
sozial,sozial,16161
öffentlich,öffentlich,16107
fast,fast,16070
tragen,tragen,16036
davon,davon,16029
die Aufgabe,Aufgabe,16013
europäisch,europäisch,15961
der Mitarbeiter,Mitarbeiter,15911
fest,fest,15810
klar,klar,15797
die Art,Art,15770
leicht,leicht,15614
persönlich,persönlich,15469
frei,frei,15451
gewinnen,gewinnen,15224
einzeln,einzeln,15191
schreiben,schreiben,15174
das Programm,Programm,15166
derzeit,derzeit,14944
die Geschichte,Geschichte,14916
die Zukunft,Zukunft,14777
erfolgreich,erfolgreich,14693
der Einsatz,Einsatz,14626
die Veranstaltung,Veranstaltung,14568
pro,pro,14546
ziehen,ziehen,14533
steigen,steigen,14518
die Frage,Frage,14472
schön,schön,14395
zwar,zwar,14275
die Region,Region,14241
fahren,fahren,14228
legen,legen,14204
die Eltern,Eltern,14178
die Stunde,Stunde,14101
kosten,Kosten,14066
der Platz,Platz,13715
eigentlich,eigentlich,13680
informieren,informieren,13630
offen,offen,13560
der September,September,13525
das Haus,Haus,13412
erwarten,erwarten,13384
verwenden,verwenden,13361
der Preis,Preis,13240
bekannt,bekannt,13214
freuen,freuen,13075
anbieten,anbieten,13019
die Hilfe,Hilfe,13003
die Entscheidung,Entscheidung,12952
das Geld,Geld,12890
gerne,gerne,12849
berichten,berichten,12754
die Gruppe,Gruppe,12728
planen,planen,12724
hinaus,hinaus,12676
der Blick,Blick,12668
gründen,gründen,12631
die Straße,Straße,12605
das Produkt,Produkt,12551
Europa,Europa,12488
die Universität,Universität,12477
teilen,teilen,12459
zahlen,zahlen,12380
häufig,häufig,12306
häufig,häufig,12306
starten,starten,12294
kennen,kennen,12236
die Erfahrung,Erfahrung,12166
die Form,Form,12067
die Minute,Minute,12043
die Unterstützung,Unterstützung,12035
der Name,Name,11871
überall hin,hin,11748
hin,hin,11748
regelmäßig,regelmäßig,11731
wählen,wählen,11719
recht,Recht,11653
verbinden,verbinden,11607
verbunden,verbinden,11607
die Idee,Idee,11576
wirklich,wirklich,11573
denken,denken,11572
verlieren,verlieren,11545
gegenüber,gegenüber,11452
voll,voll,11446
die Rolle,Rolle,11373
die USA,USA,11293
wenig,wenig,11190
der Oktober,Oktober,11168
das Interesse,Interesse,11086
das Gespräch,Gespräch,11062
die Ausbildung,Ausbildung,11009
treten,treten,10999
wohl,wohl,10839
bedeuten,bedeuten,10833
vielleicht,vielleicht,10805
der Juni,Juni,10776
modern,modern,10740
enthalten,enthalten,10737
nennen,nennen,10726
die Gesellschaft,Gesellschaft,10725
das Auto,Auto,10665
der Mai,Mai,10578
kaum,kaum,10577
gar,gar,10546
die Lösung,Lösung,10532
der Erfolg,Erfolg,10507
versuchen,versuchen,10501
grün,grün,10486
das Internet,Internet,10470
die Chance,Chance,10461
betragen,betragen,10376
der Schritt,Schritt,10332
gleichzeitig,gleichzeitig,10272
notwendig,notwendig,10271
mindestens,mindestens,10213
meisten,meister,10195
das Medium,Medium,10190
der Grund,Grund,10136
zählen,zählen,10132
der Patient,Patient,10115
die Situation,Situation,10067
das Studium,Studium,9992
danach,danach,9897
geschlossen,schließen,9895
schließen,schließen,9895
verletzen,verletzen,9875
fehlen,fehlen,9799
erleben,erleben,9778
trotz,trotz,9715
nie,nie,9684
noch nie,nie,9684
der November,November,9672
das Wasser,Wasser,9658
gestalten,gestalten,9635
feiern,feiern,9562
nah,nah,9548
anschließend,anschließend,9510
privat,privat,9508
die Wohnung,Wohnung,9471
die Wirtschaft,Wirtschaft,9426
der Juli,Juli,9422
verstehen,verstehen,9381
sofort,sofort,9365
die Regel,Regel,9343
betroffen,betreffen,9305
die Wahl,Wahl,9244
reichen,reichen,9244
die Hand,Hand,9219
der Januar,Januar,9214
eher,eher,9208
lesen,lesen,9207
die Grundlage,Grundlage,9191
der März,März,9183
bauen,bauen,9086
der Kontakt,Kontakt,9074
die Klasse,Klasse,9016
der April,April,8983
meinen,meinen,8981
besuchen,besuchen,8980
der Partner,Partner,8968
der August,August,8938
der Freitag,Freitag,8925
der Sonntag,Sonntag,8920
die Richtung,Richtung,8877
knapp,knapp,8864
der Raum,Raum,8855
wirken,wirken,8825
online,online,8787
die Kirche,Kirche,8768
melden,melden,8756
beschäftigt,beschäftigen,8751
öffnen,öffnen,8732
geöffnet,öffnen,8732
allgemein,allgemein,8723
der Besucher,Besucher,8721
die Sicherheit,Sicherheit,8694
ändern,ändern,8671
speziell,speziell,8666
kostenlos,kostenlos,8651
inzwischen,inzwischen,8638
tatsächlich,tatsächlich,8598
damals,damals,8587
der Film,Film,8515
der Verein,Verein,8504
das Tier,Tier,8419
der Dezember,Dezember,8405
die Politik,Politik,8377
eng,eng,8300
die Antwort,Antwort,8272
antworten,Antwort,8272
die Regierung,Regierung,8262
die Musik,Musik,8257
der Markt,Markt,8241
daran,daran,8209
allein,allein,8205
manch,mancher,8176
der Beginn,Beginn,8167
leider,leider,8162
richten,richten,8123
das Wort,Wort,8114
bestätigen,bestätigen,8105
die Partei,Partei,8006
der Meter,Meter,7974
das Video,Video,7936
scheinen,scheinen,7935
ähnlich,ähnlich,7934
schlecht,schlecht,7907
empfehlen,empfehlen,7892
die Lage,Lage,7885
stimmen,stimmen,7855
folgend,folgend,7855
die Zahl,Zahl,7845
der Freund,Freund,7821
entdecken,entdecken,7805
begleiten,begleiten,7713
der Samstag,Samstag,7689
liefern,liefern,7685
breit,breit,7679
praktisch,praktisch,7637
funktionieren,funktionieren,7627
verbessern,verbessern,7612
glauben,glauben,7600
prüfen,prüfen,7578
stärken,stärken,7574
der Montag,Montag,7507
der Präsident,Präsident,7477
die Firma,Firma,7444
vorstellen,vorstellen,7416
täglich,täglich,7394
der Februar,Februar,7375
beachten,beachten,7369
sitzen,sitzen,7351
echt,echt,7345
der Bürger,Bürger,7303
das Gebäude,Gebäude,7303
das Foto,Foto,7283
warten,warten,7264
der Mittwoch,Mittwoch,7247
der Sommer,Sommer,7229
erzählen,erzählen,7188
trotzdem,trotzdem,7176
die Folge,Folge,7163
der Text,Text,7142
weise,Weise,7141
der Termin,Termin,7116
die Aktion,Aktion,7105
der Beitrag,Beitrag,7102
günstig,günstig,7094
geeignet,eignen,7090
dauern,dauern,7028
die Grenze,Grenze,7020
nachdem,nachdem,6986
tief,tief,6977
wachsen,wachsen,6966
ergeben,ergeben,6955
der Sport,Sport,6947
der Arzt,Arzt,6946
rechnen,rechnen,6934
spannend,spannend,6927
kaufen,kaufen,6920
schwierig,schwierig,6864
die Forschung,Forschung,6822
die Sache,Sache,6820
der Kurs,Kurs,6792
der Artikel,Artikel,6787
beruflich,beruflich,6775
fühlen,fühlen,6767
interessant,interessant,6765
der Besuch,Besuch,6760
sterben,sterben,6710
die Praxis,Praxis,6700
selten,selten,6695
der Donnerstag,Donnerstag,6673
das Risiko,Risiko,6668
passend,passend,6654
einzig,einzig,6632
erfüllen,erfüllen,6604
die Qualität,Qualität,6594
die Mitte,Mitte,6568
der Dienstag,Dienstag,6563
die Kultur,Kultur,6531
der Titel,Titel,6505
die Anlage,Anlage,6496
hören,hören,6472
offiziell,offiziell,6455
die Prüfung,Prüfung,6445
rot,rot,6402
der Herr,Herr,6384
verhindern,verhindern,6382
essen,essen,6351
das Essen,essen,6351
schlagen,schlagen,6344
das Mittel,Mittel,6338
überhaupt,überhaupt,6326
passieren,passieren,6305
reagieren,reagieren,6294
toll,toll,6277
bald,bald,6260
oben,oben,6249
der Spaß,Spaß,6241
der Abend,Abend,6236
der Alltag,Alltag,6226
darin,darin,6222
profitieren,profitieren,6181
die Nacht,Nacht,6169
wann,wann,6132
russisch,russisch,6129
die Sprache,Sprache,6107
das Auge,Auge,6103
die Ausstellung,Ausstellung,6078
schauen,schauen,6073
das Krankenhaus,Krankenhaus,6048
bevor,bevor,6025
die Gesundheit,Gesundheit,6013
das Jahrhundert,Jahrhundert,6006
bitten,bitten,5989
rufen,rufen,5981
unterwegs,unterwegs,5979
die Leute,Leute,5976
die Natur,Natur,5975
die Liebe,Liebe,5965
zumindest,zumindest,5935
passen,passen,5924
der Fan,Fan,5906
stattfinden,stattfinden,5897
automatisch,automatisch,5880
die Behandlung,Behandlung,5863
abschließen,abschließen,5860
verkaufen,verkaufen,5859
das Werk,Werk,5859
beraten,beraten,5853
achten,achten,5842
die Nachrichten,Nachricht,5824
organisiert,organisieren,5802
die Mannschaft,Mannschaft,5786
das Bad,Bad,5776
Russland,Russland,5772
tätig,tätig,5771
manchmal,manchmal,5769
verlassen,verlassen,5753
die Mutter,Mutter,5740
darunter,darunter,5740
unbekannt,unbekannt,5700
der Vertrag,Vertrag,5690
sammeln,sammeln,5667
die Nähe,Nähe,5632
beschreiben,beschreiben,5623
der Plan,Plan,5604
das Wochenende,Wochenende,5603
freiwillig,freiwillig,5587
die Reihe,Reihe,5577
behandeln,behandeln,5575
auftreten,auftreten,5571
endlich,endlich,5558
erinnern,erinnern,5549
das Gesetz,Gesetz,5543
enden,enden,5523
die Karte,Karte,5504
speichern,speichern,5498
das Institut,Institut,5490
der Bericht,Bericht,5473
sonst,sonst,5472
die Menge,Menge,5455
die Ukraine,Ukraine,5453
miteinander,miteinander,5445
rein,rein,5419
rein,rein,5419
der Körper,Körper,5401
das Museum,Museum,5401
die Bevölkerung,Bevölkerung,5389
der Unterricht,Unterricht,5354
teilnehmen,teilnehmen,5349
das Hotel,Hotel,5332
falsch,falsch,5301
untersuchen,untersuchen,5296
werfen,werfen,5272
stecken,stecken,5262
kämpfen,kämpfen,5260
die App,App,5233
leiten,leiten,5212
hängen,hängen,5197
der Test,Test,5194
ergänzen,ergänzen,5192
das Mädchen,Mädchen,5187
die Veränderung,Veränderung,5160
die Gewalt,Gewalt,5152
der Kilometer,Kilometer,5146
der Kollege,Kollege,5145
gesund,gesund,5145
das Stück,Stück,5144
bewegen,bewegen,5130
die Energie,Energie,5128
bezahlen,bezahlen,5126
heutig,heutig,5112
diskutieren,diskutieren,5103
die Methode,Methode,5087
genießen,genießen,5068
obwohl,obwohl,5062
die Bewegung,Bewegung,5042
optimal,optimal,5037
das Geschäft,Geschäft,5035
erlauben,erlauben,5013
der Vater,Vater,5012
sparen,sparen,4998
teuer,teuer,4997
die Kontrolle,Kontrolle,4992
hoffen,hoffen,4983
das Ding,Ding,4982
der Beamter,Beamter,4967
die Angst,Angst,4941
ständig,ständig,4932
die Anmeldung,Anmeldung,4929
beenden,beenden,4926
wechseln,wechseln,4926
gern,gern,4924
die Kunst,Kunst,4922
der Kreis,Kreis,4918
der Lehrer,Lehrer,4918
die Aktie,Aktie,4899
vorbereiten,vorbereiten,4873
lieber,lieb,4852
am liebsten,lieb,4852
verhalten,verhalten,4823
normal,normal,4800
das Interview,Interview,4778
das Gericht,Gericht,4776
der Angriff,Angriff,4770
wohnen,wohnen,4758
nämlich,nämlich,4756
das Gebiet,Gebiet,4753
die Tür,Tür,4750
die Führung,Führung,4746
das Ausland,Ausland,4744
der Unterschied,Unterschied,4736
hart,hart,4722
indem,indem,4721
schriftlich,schriftlich,4702
frisch,frisch,4696
niedrig,niedrig,4682
die Farbe,Farbe,4665
der Arbeitgeber,Arbeitgeber,4652
bestellen,bestellen,4644
die Beziehung,Beziehung,4632
der Beruf,Beruf,4589
reisen,reisen,4586
die Bedingung,Bedingung,4582
die Gefahr,Gefahr,4556
betreuen,betreuen,4554
der Kopf,Kopf,4531
die Fläche,Fläche,4503
beobachten,beobachten,4493
schaden,schaden,4493
genug,genug,4490
testen,testen,4489
der Service,Service,4487
die Linie,Linie,4483
der Bund,Bund,4481
der Tod,Tod,4476
das Gefühl,Gefühl,4461
der Satz,Satz,4440
studieren,studieren,4437
der Bürgermeister,Bürgermeister,4428
der Grad,Grad,4426
das Zentrum,Zentrum,4416
verlangen,verlangen,4409
der Boden,Boden,4394
das Publikum,Publikum,4386
der Wettbewerb,Wettbewerb,4375
spenden,spenden,4372
die Wirkung,Wirkung,4367
kündigen,kündigen,4349
plötzlich,plötzlich,4349
interessieren,interessieren,4337
absolut,absolut,4332
herzlich,herzlich,4330
die Größe,Größe,4297
gefährlich,gefährlich,4296
die Bewerbung,Bewerbung,4293
vorbei,vorbei,4250
vertrauen,vertrauen,4238
das Vertrauen,vertrauen,4238
der Prozess,Prozess,4237
die Schweiz,Schweiz,4218
falls,falls,4213
der Haushalt,Haushalt,4212
die Meinung,Meinung,4207
der Krieg,Krieg,4196
einrichten,einrichten,4192
der Anschluss,Anschluss,4182
die Aussage,Aussage,4181
der Fahrer,Fahrer,4181
ausschließen,ausschließen,4156
wahr,wahr,4146
der Sieg,Sieg,4143
außerhalb,außerhalb,4140
professionell,professionell,4139
kreativ,kreativ,4133
die Umwelt,Umwelt,4131
schicken,schicken,4126
die Zeitung,Zeitung,4108
die Freude,Freude,4107
der Wunsch,Wunsch,4097
einladen,einladen,4095
kulturell,kulturell,4087
bewerten,bewerten,4087
versprechen,versprechen,4082
mögen,mögen,4081
der Fehler,Fehler,4067
verboten,verbieten,4067
verbieten,verbieten,4067
soweit,soweit,4050
die Reise,Reise,4048
unbedingt,unbedingt,4027
verdienen,verdienen,4026
das Band,Band,4010
sodass,sodass,4000
der Wald,Wald,3989
die Luft,Luft,3988
der Künstler,Künstler,3966
der Vorschlag,Vorschlag,3963
das Urteil,Urteil,3958
drehen,drehen,3946
der Herbst,Herbst,3940
das Glück,Glück,3935
zeichnen,zeichnen,3923
Frankreich,Frankreich,3921
das Gerät,Gerät,3920
der Handel,Handel,3915
die Bahn,Bahn,3904
die Vergangenheit,Vergangenheit,3895
der Unfall,Unfall,3883
der Arbeitsplatz,Arbeitsplatz,3870
überall,überall,3857
herstellen,herstellen,3846
daraus,daraus,3844
die Strecke,Strecke,3836
strecken,Strecke,3836
die Krankheit,Krankheit,3829
ursprünglich,ursprünglich,3819
der Trend,Trend,3811
das Konzert,Konzert,3790
die Bewertung,Bewertung,3773
festlegen,festlegen,3761
langsam,langsam,3734
das Zeichen,Zeichen,3732
anmelden,anmelden,3680
benutzen,benutzen,3648
evangelisch,evangelisch,3646
zufrieden,zufrieden,3634
vereinbaren,vereinbaren,3611
das Licht,Licht,3610
der Verkehr,Verkehr,3608
genauso,genauso,3571
produzieren,produzieren,3562
die Lebensmittel,Lebensmittel,3559
der Autor,Autor,3552
unten,unten,3550
brechen,brechen,3540
die Krise,Krise,3539
vorher,vorher,3537
das Fenster,Fenster,3521
betrachten,betrachten,3512
das Feld,Feld,3507
kontrolliert,kontrollieren,3503
kümmern,kümmern,3503
kontrollieren,kontrollieren,3503
wertvoll,wertvoll,3476
die Gelegenheit,Gelegenheit,3466
aussehen,aussehen,3465
übrigens,übrigens,3447
der Urlaub,Urlaub,3439
die Erde,Erde,3410
mittels,mittels,3408
obere,oberer,3388
oberste,oberer,3388
abgeben,abgeben,3373
die Pflanze,Pflanze,3368
pflanzen,Pflanze,3368
verbringen,verbringen,3367
dringend,dringend,3360
der Winter,Winter,3353
der Vermieter,Vermieter,3346
vergessen,vergessen,3346
der Kauf,Kauf,3340
der Garten,Garten,3332
die Kamera,Kamera,3328
reden,reden,3326
bunt,bunt,3312
der Schweizer,Schweizer,3304
der Bewohner,Bewohner,3302
das Restaurant,Restaurant,3292
die Tochter,Tochter,3289
füllen,füllen,3281
typisch,typisch,3274
stoßen,stoßen,3272
ziemlich,ziemlich,3265
bereiten,bereiten,3262
der Absatz,Absatz,3258
das Material,Material,3251
wahrscheinlich,wahrscheinlich,3246
der Strom,Strom,3235
der Sohn,Sohn,3229
kennenlernen,kennenlernen,3224
die Rechnung,Rechnung,3212
das Wetter,Wetter,3212
die Stimmung,Stimmung,3175
die Tradition,Tradition,3173
fliegen,fliegen,3173
die Heimat,Heimat,3172
künstlich,künstlich,3164
der Computer,Computer,3153
das Papier,Papier,3149
monatlich,monatlich,3147
der See,See,3147
der Wissenschaftler,Wissenschaftler,3146
behalten,behalten,3145
die Maschine,Maschine,3140
menschlich,menschlich,3130
zuerst,zuerst,3125
verursachen,verursachen,3120
die Pause,Pause,3120
riesigen,riesig,3117
relativ,relativ,3113
deswegen,deswegen,3108
die Szene,Szene,3107
ruhig,ruhig,3102
ankommen,ankommen,3088
retten,retten,3087
die Umfrage,Umfrage,3069
gestern,gestern,3069
der Zustand,Zustand,3069
die Fahrt,Fahrt,3065
die Nummer,Nummer,3060
die Grundschule,Grundschule,3055
danken,danken,3052
inklusive,inklusive,3043
lieben,lieben,3039
decken,decken,3034
die Sekunde,Sekunde,3031
das Theater,Theater,3022
anlegen,anlegen,3021
räumen,räumen,3017
die Station,Station,3014
blicken,blicken,3010
verschwinden,verschwinden,3005
verschwunden,verschwinden,3005
die Stimme,Stimme,3002
durchschnittlich,durchschnittlich,3002
sobald,sobald,2995
senden,senden,2973
das Feuer,Feuer,2970
trennen,trennen,2969
getrennt,trennen,2969
die Adresse,Adresse,2963
stolz,stolz,2960
schneiden,schneiden,2949
der Umfang,Umfang,2948
der Einwohner,Einwohner,2938
die Homepage,Homepage,2931
die Werbung,Werbung,2923
seitdem,seitdem,2918
die Ruhe,Ruhe,2908
begründen,begründen,2906
der Gott,Gott,2904
der Flughafen,Flughafen,2903
zerstören,zerstören,2899
der Student,Student,2888
das Büro,Büro,2886
grundlegend,grundlegend,2881
der-die Leiter,Leiter,2877
blau,blau,2876
jedenfalls,jedenfalls,2873
die Sonne,Sonne,2871
das Ereignis,Ereignis,2870
die Post,Post,2864
britisch,britisch,2858
der Streit,Streit,2857
das Gesicht,Gesicht,2837
Italien,Italien,2834
austauschen,austauschen,2822
buchen,buchen,2809
messen,messen,2808
der Bus,Bus,2804
gültig,gültig,2802
schwach,schwach,2801
tot,tot,2799
rennen,rennen,2795
konzentrieren,konzentrieren,2791
die Landwirtschaft,Landwirtschaft,2786
verraten,verraten,2774
töten,töten,2773
der Soldat,Soldat,2762
ansehen,ansehen,2750
der Nachmittag,Nachmittag,2744
das Herz,Herz,2740
der Eindruck,Eindruck,2738
die Bibliothek,Bibliothek,2737
das Parlament,Parlament,2737
kalt,kalt,2735
außer,außer,2734
bewerben,bewerben,2731
wiederholen,wiederholen,2726
der Gegner,Gegner,2725
die Atmosphäre,Atmosphäre,2723
die Krankenkasse,Krankenkasse,2712
ein bisschen,Bisschen,2702
bisschen,Bisschen,2702
senken,senken,2694
üblich,üblich,2694
die Küche,Küche,2687
streng,streng,2677
der Polizist,Polizist,2674
der Schluss,Schluss,2669
super,super,2668
der Umsatz,Umsatz,2664
link,Link,2654
der Link,Link,2654
eingehen,eingehen,2653
ansonsten,ansonsten,2652
beschädigen,beschädigen,2650
die Gemeinschaft,Gemeinschaft,2649
die Sendung,Sendung,2640
die Begegnung,Begegnung,2639
ausgehen,ausgehen,2633
installieren,installieren,2631
das Zimmer,Zimmer,2620
das Niveau,Niveau,2606
warm,warm,2596
die Innenstadt,Innenstadt,2592
der Sprecher,Sprecher,2591
fertig,fertig,2587
dunkel,dunkel,2573
ausländisch,ausländisch,2560
daneben,daneben,2538
lehnen,lehnen,2534
dokumentieren,dokumentieren,2533
arm,arm,2532
glücklich,glücklich,2528
gegenseitig,gegenseitig,2526
fremd,fremd,2517
gerecht,gerecht,2514
die Tour,Tour,2495
die Schuld,Schuld,2493
die Insel,Insel,2493
das Erlebnis,Erlebnis,2489
das Formular,Formular,2488
der Chef,Chef,2477
selbstständig,selbstständig,2477
verpassen,verpassen,2468
der Zug,Zug,2457
die Auszeichnung,Auszeichnung,2455
üben,üben,2454
der Geburtstag,Geburtstag,2451
singen,singen,2451
der Sitz,Sitz,2450
der Club,Club,2444
drücken,drücken,2443
bequem,bequem,2440
die Gebühr,Gebühr,2438
der Osten,Osten,2438
der Abstand,Abstand,2435
merken,merken,2434
der Fußball,Fußball,2426
vergleichen,vergleichen,2422
der Frieden,Frieden,2418
scharf,scharf,2416
der Rest,Rest,2415
verurteilen,verurteilen,2414
die Ursache,Ursache,2412
die Landschaft,Landschaft,2404
überrascht,überraschen,2399
der Ball,Ball,2396
krank,krank,2394
der Anlass,Anlass,2390
freundlich,freundlich,2386
der Gast,Gast,2384
katholisch,katholisch,2374
das Ticket,Ticket,2361
überlegen,überlegen,2360
die Figur,Figur,2353
der Tisch,Tisch,2344
heben,heben,2343
der Brief,Brief,2339
die Spitze,Spitze,2328
trainieren,trainieren,2319
das Telefon,Telefon,2318
die Einnahmen,Einnahme,2318
die Halle,Halle,2311
die Ausstattung,Ausstattung,2311
die Lust,Lust,2305
das Meer,Meer,2301
die Anzeige,Anzeige,2295
der Norden,Norden,2294
stoppen,stoppen,2287
das Bett,Bett,2281
Polen,Polen,2281
anerkennen,anerkennen,2257
der Süden,Süden,2252
das Festival,Festival,2251
der Westen,Westen,2250
fehlend,fehlend,2245
ablehnen,ablehnen,2242
zuverlässig,zuverlässig,2235
fernsehen,Fernsehen,2234
berühmt,berühmt,2228
die Versicherung,Versicherung,2200
der Journalist,Journalist,2194
das Bein,Bein,2190
der Stern,Stern,2183
die Waffe,Waffe,2178
ordentlich,ordentlich,2176
besetzt,besetzen,2176
einschränken,einschränken,2174
festnehmen,festnehmen,2166
der Musiker,Musiker,2159
veranstalten,veranstalten,2157
der Dialog,Dialog,2154
angenehm,angenehm,2152
das Fach,Fach,2148
die Ordnung,Ordnung,2144
leer,leer,2130
entspannt,entspannt,2115
der Berg,Berg,2114
die Sorge,Sorge,2109
meistens,meistens,2098
bedrohen,bedrohen,2093
gold,Gold,2088
das Rathaus,Rathaus,2082
das Medikament,Medikament,2081
schlimm,schlimm,2079
trocken,trocken,2066
das Handy,Handy,2063
trinken,trinken,2058
irgendwann,irgendwann,2039
die Pandemie,Pandemie,2036
der Himmel,Himmel,2023
Spanien,Spanien,2019
die Haare,Haar,2018
anfangen,anfangen,2017
die Messe,Messe,2015
das Holz,Holz,2006
sauber,sauber,2001
der Wind,Wind,1997
mitbringen,mitbringen,1983
das Werkzeug,Werkzeug,1978
die Einladung,Einladung,1978
das Schiff,Schiff,1973
raten,raten,1968
die Börse,Börse,1967
der Bahnhof,Bahnhof,1966
die Orientierung,Orientierung,1964
der Vorfall,Vorfall,1959
das Getränk,Getränk,1950
der Kaffee,Kaffee,1949
lachen,lachen,1946
das Gewicht,Gewicht,1942
korrekt,korrekt,1941
untere,unterer,1939
vorne,vorne,1936
der Iran,Iran,1929
das Konto,Konto,1925
beliebt,belieben,1923
stören,stören,1922
verschieben,verschieben,1920
das Radio,Radio,1918
die Besonderheit,Besonderheit,1911
gemütlich,gemütlich,1911
der Park,Park,1904
die Informatik,Informatik,1899
der Schlüssel,Schlüssel,1897
der Nachbar,Nachbar,1894
der Betrag,Betrag,1894
die Autobahn,Autobahn,1892
zwingen,zwingen,1879
Weihnachten,Weihnachten,1873
die Literatur,Literatur,1868
eintragen,eintragen,1865
kochen,kochen,1864
das Klima,Klima,1856
das Rezept,Rezept,1851
davor,davor,1848
der Schauspieler,Schauspieler,1846
das Dorf,Dorf,1846
ausgeben,ausgeben,1842
der Rand,Rand,1841
westlich,westlich,1833
raus,raus,1828
das Kapitel,Kapitel,1820
der Bauer,Bauer,1817
zurzeit,Zurzeit,1817
motivieren,motivieren,1811
momentan,momentan,1793
das Flugzeug,Flugzeug,1781
das Kino,Kino,1781
der Traum,Traum,1773
verstecken,verstecken,1772
der Alkohol,Alkohol,1768
anschließen,anschließen,1763
militärisch,militärisch,1763
springen,springen,1762
die Schwester,Schwester,1762
der Stein,Stein,1762
Großbritannien,Großbritannien,1761
zuordnen,zuordnen,1759
klappen,klappen,1756
klappen,klappen,1756
hauptsächlich,hauptsächlich,1752
die Religion,Religion,1751
der Protest,Protest,1739
dick,dick,1738
die Identität,Identität,1730
die Kasse,Kasse,1730
die Armee,Armee,1726
gelb,gelb,1726
solange,solange,1725
die Kleidung,Kleidung,1718
unglaublich,unglaublich,1717
der Stil,Stil,1705
das Praktikum,Praktikum,1702
wunderbar,wunderbar,1698
normalerweise,normalerweise,1698
schwarz,Schwarz,1693
das Paket,Paket,1680
die Brücke,Brücke,1668
weiblich,weiblich,1666
klagen,klagen,1665
der König,König,1665
das Fahrrad,Fahrrad,1662
der Liter,Liter,1661
schenken,schenken,1659
der Hof,Hof,1641
das Gegenteil,Gegenteil,1631
vermissen,vermissen,1629
wecken,wecken,1628
der Geschmack,Geschmack,1626
die Auskunft,Auskunft,1621
bewahren,bewahren,1606
die Tabelle,Tabelle,1601
der Baum,Baum,1600
das Café,Café,1595
die Zeitschrift,Zeitschrift,1595
der Job,Job,1589
kompliziert,kompliziert,1587
angreifen,angreifen,1586
der Gutschein,Gutschein,1585
mitnehmen,mitnehmen,1584
die Mischung,Mischung,1582
nett,nett,1580
die Herkunft,Herkunft,1580
tödlich,tödlich,1578
der Motor,Motor,1576
die Beschreibung,Beschreibung,1574
mieten,mieten,1571
die Anleitung,Anleitung,1564
draußen,draußen,1560
schlafen,schlafen,1547
männlich,männlich,1546
ehrlich,ehrlich,1546
herum,herum,1540
die Freizeit,Freizeit,1540
die Impfung,Impfung,1538
das Blut,Blut,1538
der Keller,Keller,1537
der Eingang,Eingang,1537
die Tasche,Tasche,1529
das Datum,Datum,1528
mitmachen,mitmachen,1528
die Daten,Datum,1528
die Türkei,Türkei,1524
unterhalten,unterhalten,1518
unterhalten,unterhalten,1518
der Stress,Stress,1504
unterschreiben,unterschreiben,1490
heiß,heiß,1488
das Argument,Argument,1487
forschen,forschen,1486
der Tourismus,Tourismus,1484
die Kenntnisse,Kenntnis,1478
bedanken,bedanken,1478
die Apotheke,Apotheke,1473
das Instrument,Instrument,1466
wandern,wandern,1465
bar,bar,1463
markieren,markieren,1460
das Eis,Eis,1453
der Bruder,Bruder,1452
türkisch,türkisch,1440
der Parkplatz,Parkplatz,1437
schmecken,schmecken,1435
der Bildschirm,Bildschirm,1435
die Freundin,Freundin,1434
abnehmen,abnehmen,1432
das Album,Album,1431
der Fisch,Fisch,1431
der Tourist,Tourist,1430
das Fleisch,Fleisch,1429
schwächen,Schwäche,1429
herunterladen,herunterladen,1420
das Gemüse,Gemüse,1414
lebend,lebend,1412
der Zentimeter,Zentimeter,1412
hinten,hinten,1410
grau,grau,1396
der Quadratmeter,Quadratmeter,1395
polnisch,polnisch,1392
ehren,ehren,1383
nützlich,nützlich,1376
das Lager,Lager,1375
vorsichtig,vorsichtig,1375
die Miete,Miete,1372
lustig,lustig,1365
tanzen,tanzen,1363
der Kindergarten,Kindergarten,1359
der-diev Reisende,reisend,1357
der Charakter,Charakter,1354
religiös,religiös,1351
mächtig,mächtig,1349
ungefähr,ungefähr,1349
brennen,brennen,1347
das Frühstück,Frühstück,1346
der Spiegel,Spiegel,1346
der Typ,Typ,1344
das Glas,Glas,1343
das Passwort,Passwort,1341
der Feiertag,Feiertag,1340
die Ecke,Ecke,1339
das Baby,Baby,1339
einsehen,einsehen,1334
ansetzen,ansetzen,1327
das Abenteuer,Abenteuer,1326
notieren,notieren,1324
kühl,kühl,1323
Afrika,Afrika,1323
einkaufen,einkaufen,1318
froh,froh,1318
das Boot,Boot,1316
wunderschön,wunderschön,1316
Schweden,Schweden,1314
probieren,probieren,1311
die Überraschung,Überraschung,1307
kriegen,kriegen,1306
das Gas,Gas,1301
das Pferd,Pferd,1299
großzügig,großzügig,1298
enttäuscht,enttäuschen,1295
der Gebrauch,Gebrauch,1292
die Hitze,Hitze,1291
die Niederlande,Niederlande,1288
vorkommen,vorkommen,1288
der Wolf,Wolf,1283
der Architekt,Architekt,1282
ausmachen,ausmachen,1279
tauschen,tauschen,1274
der Pfarrer,Pfarrer,1274
circa,circa,1267
traurig,traurig,1262
das Geschenk,Geschenk,1259
billig,billig,1259
der Umzug,Umzug,1258
dran,dran,1253
die Nase,Nase,1248
der Strand,Strand,1248
der Sportler,Sportler,1243
Amerika,Amerika,1241
generieren,generieren,1239
der Direktor,Direktor,1235
der Schuh,Schuh,1232
die Unterhaltung,Unterhaltung,1230
das Bier,Bier,1224
der Fortschritt,Fortschritt,1220
der Geist,Geist,1220
die Wand,Wand,1220
mehrmals,mehrmals,1210
ordnen,ordnen,1208
die Datei,Datei,1206
süß,süß,1204
cool,cool,1198
der Anschlag,Anschlag,1188
das Messer,Messer,1187
das Tablet,Tablet,1186
packen,packen,1185
böse,böse,1183
hinein,hinein,1179
der Planet,Planet,1175
heiraten,heiraten,1172
der Empfänger,Empfänger,1168
das Kilogramm,Kilogramm,1167
der Tipp,Tipp,1165
übersetzen,übersetzen,1160
schwimmen,schwimmen,1160
Brasilien,Brasilien,1159
der Schnee,Schnee,1157
absagen,absagen,1154
malen,malen,1151
einheimisch,einheimisch,1151
entlassen,entlassen,1150
die Jahreszeit,Jahreszeit,1141
schieben,schieben,1136
demnächst,demnächst,1136
der Ausflug,Ausflug,1136
verborgen,verbergen,1134
der Führerschein,Führerschein,1130
die Mauer,Mauer,1130
der Schatten,Schatten,1129
einziehen,einziehen,1128
unmöglich,unmöglich,1128
drucken,drucken,1124
abholen,abholen,1123
der Sturm,Sturm,1123
vorwerfen,vorwerfen,1120
die Baustelle,Baustelle,1119
die Note,Note,1116
der Kritiker,Kritiker,1115
das Gehirn,Gehirn,1115
die Party,Party,1109
Australien,Australien,1100
der Sänger,Sänger,1099
vergehen,vergehen,1093
mutig,mutig,1093
vorschlagen,vorschlagen,1093
hoffentlich,hoffentlich,1089
der Müll,Müll,1085
die Demonstration,Demonstration,1083
die Unterschrift,Unterschrift,1081
gelegentlich,gelegentlich,1081
die Temperatur,Temperatur,1080
die Armut,Armut,1079
einig,einig,1079
das Budget,Budget,1078
die Sprecherin,Sprecherin,1074
das Militär,Militär,1072
flach,flach,1072
das Geschlecht,Geschlecht,1071
ausgerechnet,ausgerechnet,1063
hell,hell,1061
geheim,geheim,1060
optimistisch,optimistisch,1060
die Schulter,Schulter,1056
der Regisseur,Regisseur,1055
verweigern,verweigern,1053
rauchen,rauchen,1049
die Werkstatt,Werkstatt,1046
träumen,träumen,1045
der Kuchen,Kuchen,1040
konservativ,konservativ,1039
waschen,waschen,1036
die Schauspielerin,Schauspielerin,1034
die Route,Route,1030
bitter,bitter,1029
besichtigen,besichtigen,1021
verheiratet,verheiraten,1021
dünn,dünn,1019
der Mord,Mord,1019
erfinden,erfinden,1017
das Gefängnis,Gefängnis,1015
streiten,streiten,1009
wenigstens,wenigstens,1007
die Tafel,Tafel,1006
die Feier,Feier,1005
der Ärger,Ärger,1004
das Obst,Obst,1004
die Zutat,Zutat,1003
das Brot,Brot,1001
der Buchstabe,Buchstabe,1001
der Zoo,Zoo,996
die Mode,Mode,995
leise,leise,994
weich,weich,993
die Autorin,Autorin,992
der Löwe,Löwe,992
die Flasche,Flasche,986
anhalten,anhalten,985
der Krebs,Krebs,984
ausfüllen,ausfüllen,983
der Verkäufer,Verkäufer,982
das Zeug,Zeug,981
ernsthaft,ernsthaft,977
das Gehalt,Gehalt,974
der Flug,Flug,973
die Milch,Milch,970
anrufen,anrufen,970
gewöhnlich,gewöhnlich,967
der Auftritt,Auftritt,966
die Unterkunft,Unterkunft,965
der Kredit,Kredit,964
drin,drin,964
fotografieren,fotografieren,964
der Prinz,Prinz,962
zurückgehen,zurückgehen,961
erwischen,erwischen,958
der Koch,Koch,953
die Sehenswürdigkeit,Sehenswürdigkeit,952
drauf,drauf,949
das Lied,Lied,946
östlich,östlich,946
ewig,ewig,944
die Hochzeit,Hochzeit,943
ignorieren,ignorieren,943
das Möbel,Möbel,942
lecker,lecker,939
sowieso,sowieso,937
korrigieren,korrigieren,936
neugierig,neugierig,936
austragen,austragen,935
dorthin,dorthin,934
die Terrasse,Terrasse,931
der Tanz,Tanz,930
der Finger,Finger,928
der Vormittag,Vormittag,928
der Mietvertrag,Mietvertrag,926
der Blog,Blog,923
das Leid,Leid,923
das Heft,Heft,916
schmal,schmal,914
der Kalender,Kalender,913
die Heizung,Heizung,911
die Ehefrau,Ehefrau,910
die Schönheit,Schönheit,909
das Verkehrsmittel,Verkehrsmittel,908
die Reparatur,Reparatur,906
das Plakat,Plakat,906
das Gramm,Gramm,902
die Kreditkarte,Kreditkarte,901
romantisch,romantisch,898
der Balkon,Balkon,894
der Sponsor,Sponsor,894
die Übung,Übung,892
ringen,ringen,892
baden,baden,889
die Schau,Schau,888
das Geheimnis,Geheimnis,880
der Tee,Tee,880
einsteigen,einsteigen,878
aufhören,aufhören,875
backen,backen,872
der Fernseher,Fernseher,867
der Rentner,Rentner,866
fortgeschritten,fortgeschritten,865
klug,klug,865
die Villa,Villa,863
pünktlich,pünktlich,857
die Anstrengung,Anstrengung,853
der Mund,Mund,851
die Reinigung,Reinigung,850
die Maus,Maus,850
der Zufall,Zufall,849
hinterlegen,hinterlegen,849
silber,Silber,847
sortiert,sortieren,846
sortieren,sortieren,846
das Paar,Paar,843
parken,parken,837
Asien,Asien,837
langweilig,langweilig,834
die Toilette,Toilette,832
gießen,gießen,830
der Frühling,Frühling,828
der Kontinent,Kontinent,827
die Kreuzung,Kreuzung,825
der Bescheid,Bescheid,823
die Schülerin,Schülerin,822
das Metall,Metall,816
die Sängerin,Sängerin,813
der Pilot,Pilot,810
die Erlaubnis,Erlaubnis,808
die Neuigkeit,Neuigkeit,807
satt,satt,805
die Absicht,Absicht,804
gratulieren,gratulieren,804
das Ohr,Ohr,804
vernünftig,vernünftig,803
das Motorrad,Motorrad,802
der Hass,Hass,800
eingeben,eingeben,799
die Gegend,Gegend,796
anstrengend,anstrengend,795
der Sand,Sand,794
einschalten,einschalten,793
vermieten,vermieten,793
französisch,Französisch,791
die Wolke,Wolke,789
das Blatt,Blatt,789
die Bakterie,Bakterie,788
entspannen,entspannen,786
der Lärm,Lärm,786
glatt,glatt,782
überweisen,überweisen,779
der Rock,Rock,779
die Lehrerin,Lehrerin,776
das Wohnzimmer,Wohnzimmer,776
der Ring,Ring,773
die Laune,Laune,773
der Schriftsteller,Schriftsteller,771
islamisch,islamisch,771
nominieren,nominieren,771
die Ankunft,Ankunft,771
unvergesslich,unvergesslich,771
unterhaltsam,unterhaltsam,767
die Trauer,Trauer,764
geschieden,scheiden,762
die Ampel,Ampel,760
die Flüssigkeit,Flüssigkeit,759
der Ausländer,Ausländer,757
anziehen,anziehen,754
der Feind,Feind,753
der Vogel,Vogel,752
das Gedicht,Gedicht,752
der Mittag,Mittag,750
der Fluss,Fluss,749
basteln,basteln,748
der Laptop,Laptop,738
zuhören,zuhören,738
der Demonstrant,Demonstrant,737
lächeln,Lächel,736
die Haltestelle,Haltestelle,732
der Supermarkt,Supermarkt,730
der Hunger,Hunger,730
die Hose,Hose,727
das Rätsel,Rätsel,723
kaputt,kaputt,723
der Notfall,Notfall,723
die Träne,Träne,723
der Bauch,Bauch,717
das Salz,Salz,717
manuell,manuell,715
schädlich,schädlich,714
telefonieren,telefonieren,714
der Ausgang,Ausgang,713
faszinieren,faszinieren,708
die Garage,Garage,706
die Übersetzung,Übersetzung,703
die Wiese,Wiese,702
die Künstlerin,Künstlerin,702
der Durchbruch,Durchbruch,696
der Rundgang,Rundgang,696
surfen,surfen,691
die Treppe,Treppe,691
die Kartoffel,Kartoffel,691
der Engel,Engel,688
reparieren,reparieren,687
ärgern,ärgern,687
das Loch,Loch,687
das Zeugnis,Zeugnis,686
braun,Braun,683
schrecklich,schrecklich,678
jubeln,jubeln,676
die Tankstelle,Tankstelle,671
fantastisch,fantastisch,671
der Stock,Stock,670
der Ehemann,Ehemann,669
flüssig,flüssig,667
die Präsidentin,Präsidentin,665
der Anruf,Anruf,664
der Applaus,Applaus,664
verlieben,verlieben,660
verliebt,verlieben,660
reservieren,reservieren,660
die Fabrik,Fabrik,659
die Brust,Brust,658
das Erdgeschoss,Erdgeschoss,657
gucken,gucken,655
der Stahl,Stahl,653
der Schmuck,Schmuck,652
der Bär,Bär,651
ausschalten,ausschalten,650
gratis,gratis,647
aufregend,aufregend,643
trocknen,trocknen,641
Portugal,Portugal,639
die Ehre,Ehre,638
populär,populär,636
der Wohnort,Wohnort,635
die Dame,Dame,633
wach,wach,632
glänzen,glänzen,629
der Mond,Mond,629
die Mensa,Mensa,626
der Hals,Hals,623
das Gepäck,Gepäck,621
die Kette,Kette,616
der Pass,Pass,615
der Koffer,Koffer,615
die Schlange,Schlange,614
der Honig,Honig,613
das Plastik,Plastik,610
der Muskel,Muskel,610
die Spezialität,Spezialität,607
die Brille,Brille,606
die Straßenbahn,Straßenbahn,604
die Schokolade,Schokolade,599
die Lippe,Lippe,597
schmerzhaft,schmerzhaft,597
die Schmerzen,Schmerz,597
fleißig,fleißig,596
entschuldigen,entschuldigen,595
das Märchen,Märchen,593
erfolglos,erfolglos,593
fett,Fett,592
der Premierminister,Premierminister,588
die Erfindung,Erfindung,588
der Kühlschrank,Kühlschrank,587
das Abendessen,Abendessen,586
einsam,einsam,586
umziehen,umziehen,584
das Knie,Knie,581
der Hut,Hut,581
atmen,atmen,578
die Mitternacht,Mitternacht,578
verrückt,verrückt,576
die Klärung,Klärung,575
der Salat,Salat,575
der Dichter,Dichter,573
die Bürgermeisterin,Bürgermeisterin,572
der Meilenstein,Meilenstein,570
die Abfahrt,Abfahrt,566
hübsch,hübsch,565
der Techniker,Techniker,560
die Kabine,Kabine,559
erschießen,erschießen,558
das Stipendium,Stipendium,557
die Hausaufgabe,Hausaufgabe,554
kleben,kleben,553
jemals,jemals,553
der Kopfhörer,Kopfhörer,552
jagen,jagen,551
genial,genial,550
der Teller,Teller,550
die Fertigkeit,Fertigkeit,548
weinen,weinen,546
riechen,riechen,545
respektieren,respektieren,545
das Gedächtnis,Gedächtnis,544
der Käse,Käse,543
komisch,komisch,542
das Gewitter,Gewitter,541
das Schlafzimmer,Schlafzimmer,540
die Dose,Dose,540
das Taxi,Taxi,539
die Kollegin,Kollegin,538
die Partnerin,Partnerin,536
renovieren,renovieren,533
der Drucker,Drucker,533
zugeben,zugeben,531
die Prinzessin,Prinzessin,530
der Schreibtisch,Schreibtisch,530
daheim,daheim,529
das Schaf,Schaf,528
der Stuhl,Stuhl,526
das Drama,Drama,525
die Fluggesellschaft,Fluggesellschaft,525
die Münze,Münze,525
die Königin,Königin,522
die Tastatur,Tastatur,522
der Topf,Topf,522
müde,müde,518
überqueren,überqueren,518
schreien,schreien,516
vernachlässigen,vernachlässigen,515
das Gemälde,Gemälde,514
losgehen,losgehen,512
das Schild,Schild,510
witzig,witzig,508
beschweren,beschweren,505
die Geschwister,Geschwister,505
die Portion,Portion,505
das Spielzeug,Spielzeug,502
ahnen,ahnen,501
muslimisch,muslimisch,501
der Witz,Witz,500
spanisch,Spanisch,499
brasilianisch,brasilianisch,499
der Flur,Flur,497
die Kerze,Kerze,497
putzen,putzen,496
entführen,entführen,496
das Hobby,Hobby,495
schlank,schlank,494
Argentinien,Argentinien,492
der Historiker,Historiker,486
das Fieber,Fieber,485
regnen,regnen,480
wirkungsvoll,wirkungsvoll,480
die Rose,Rose,479
der Teppich,Teppich,475
der Bogen,Bogen,474
die Butter,Butter,474
ausziehen,ausziehen,473
schwanger,schwanger,473
wütend,wütend,472
die Gitarre,Gitarre,472
das Klavier,Klavier,471
der Stift,Stift,470
die Waschmaschine,Waschmaschine,470
blühen,blühen,468
peinlich,peinlich,467
nass,nass,465
umsonst,umsonst,464
der Aktivist,Aktivist,463
die Lampe,Lampe,461
klingeln,klingeln,460
schief,schief,460
grillen,grillen,460
runter,Runter,459
die Hauptstraße,Hauptstraße,458
das Pfund,Pfund,456
tippen,tippen,454
die Tasse,Tasse,453
die Dusche,Dusche,448
die Ahnung,Ahnung,447
aufstehen,aufstehen,447
der Kasten,Kasten,447
schwitzen,schwitzen,441
das Spazieren,spazieren,439
übernachten,übernachten,438
weh,weh,436
der Geruch,Geruch,435
rosa,Rosa,434
der Elefant,Elefant,433
abbiegen,abbiegen,432
zurückgeben,zurückgeben,430
der Teufel,Teufel,429
die Fahrerin,Fahrerin,428
der Rucksack,Rucksack,427
der Abfall,Abfall,427
der Ausweis,Ausweis,426
der Priester,Priester,426
unheimlich,unheimlich,424
katastrophal,katastrophal,422
das Grab,Grab,420
die Kneipe,Kneipe,420
dumm,dumm,419
nervös,nervös,418
die Bäckerei,Bäckerei,417
der Wein,Wein,416
die Suppe,Suppe,416
das Sofa,Sofa,416
der Enkel,Enkel,415
die Jacke,Jacke,414
die Landstraße,Landstraße,413
das Leder,Leder,412
der-die Verwandte,verwandte,411
verwandte,verwandte,411
das Kissen,Kissen,411
erwerbstätig,erwerbstätig,409
der Schatz,Schatz,409
das Endspiel,Endspiel,409
der Teenager,Teenager,409
tanken,tanken,409
sauer,sauer,409
die Journalistin,Journalistin,407
der Jahrestag,Jahrestag,405
die Gasse,Gasse,405
verschreiben,verschreiben,405
der Daumen,Daumen,403
aufpassen,aufpassen,402
der Samen,Samen,402
einfallen,einfallen,401
die Pizza,Pizza,398
die Wüste,Wüste,397
das Mobiltelefon,Mobiltelefon,396
das Tennis,Tennis,395
der Zettel,Zettel,395
mangeln,mangeln,393
der Agent,Agent,393
die Wäsche,Wäsche,392
das Regal,Regal,392
die Staatsangehörigkeit,Staatsangehörigkeit,391
geil,geil,391
erschöpft,erschöpfen,390
das Aluminium,Aluminium,390
blutig,blutig,389
das Badezimmer,Badezimmer,388
selbstbewusst,Selbstbewusst,387
der Fahrplan,Fahrplan,387
die Kaution,Kaution,383
die Besserung,Besserung,380
zurücknehmen,zurücknehmen,379
grausam,grausam,378
drinnen,drinnen,378
der Mörder,Mörder,377
die Patientin,Patientin,376
der Knoten,Knoten,373
umsteigen,umsteigen,372
der Magen,Magen,372
die Tablette,Tablette,371
der Held,Held,370
das Gras,Gras,368
der Schalter,Schalter,368
lügen,lügen,367
das Gleis,Gleis,364
der Krimi,Krimi,361
köstlich,köstlich,359
wahnsinnig,wahnsinnig,359
der Nachname,Nachname,357
aussteigen,aussteigen,357
das Stockwerk,Stockwerk,355
anfassen,anfassen,354
der Reis,Reis,351
orange,Orange,351
die Orange,Orange,351
die Jeans,Jeans,351
die Tomate,Tomate,350
der Basketball,Basketball,349
die Entschuldigung,Entschuldigung,345
prima,prima,344
der Comic,Comic,342
das Kleid,Kleid,342
förmlich,förmlich,341
die Bar,Bar,339
formell,formell,338
reiten,reiten,338
betrunken,betrunken,336
duschen,Duschen,333
die Chefin,Chefin,333
die Komödie,Komödie,329
das Poster,Poster,329
informell,informell,327
das Schwimmbad,Schwimmbad,327
das Benzin,Benzin,327
die Diät,Diät,327
der Schmetterling,Schmetterling,325
der Ozean,Ozean,324
die Reservierung,Reservierung,323
merkwürdig,merkwürdig,323
der Karton,Karton,321
nebenan,nebenan,321
die Studentin,Studentin,319
der Kohl,Kohl,317
Vietnam,Vietnam,317
der Pfeffer,Pfeffer,316
der Onkel,Onkel,314
die Süßigkeit,Süßigkeit,313
woanders,woanders,312
checken,checken,312
die Postleitzahl,Postleitzahl,311
der Aufzug,Aufzug,311
die Direktorin,Direktorin,311
furchtbar,furchtbar,311
hassen,hassen,310
falten,falten,309
die Zeremonie,Zeremonie,309
die Dekoration,Dekoration,309
die Gewohnheit,Gewohnheit,308
das Brett,Brett,307
die Affäre,Affäre,307
klopfen,klopfen,307
arbeitslos,arbeitslos,306
der Schrank,Schrank,304
aufgeregt,aufgeregt,302
unterdrücken,unterdrücken,302
der Glückwunsch,Glückwunsch,302
die Großmutter,Großmutter,301
die Notiz,Notiz,300
der Räuber,Räuber,299
der Tänzer,Tänzer,299
das Brötchen,Brötchen,298
die Aufschrift,Aufschrift,297
die Hummel,Hummel,296
das Mehl,Mehl,295
wetten,wetten,294
absichtlich,absichtlich,293
stressig,stressig,292
der Fachmann,Fachmann,287
die Bushaltestelle,Bushaltestelle,287
zurückkommen,zurückkommen,287
die Erdbeere,Erdbeere,286
die Verspätung,Verspätung,286
der Großvater,Großvater,285
der Kiosk,Kiosk,285
übel,Übel,285
der Reisepass,Reisepass,284
die Verzweiflung,Verzweiflung,284
die Zwiebel,Zwiebel,284
der Schein,Schein,283
die Stirn,Stirn,281
der Pilz,Pilz,281
der Saft,Saft,280
die Packung,Packung,280
aufwachen,aufwachen,279
der Ingenieur,Ingenieur,277
die Rezeption,Rezeption,277
der Nagel,Nagel,274
die Grippe,Grippe,273
die Schlacht,Schlacht,273
die Kuh,Kuh,272
schweizerisch,schweizerisch,272
geduldig,geduldig,271
die Nudeln,Nudel,270
auskennen,auskennen,270
begraben,begraben,269
der Bäcker,Bäcker,268
jährig,jährig,268
klauen,klauen,268
der Prospekt,Prospekt,268
das Diplom,Diplom,268
die Wurst,Wurst,268
die Zunge,Zunge,267
die Sahne,Sahne,267
blond,blond,267
verabreden,verabreden,267
hungrig,hungrig,267
die Puppe,Puppe,267
schmutzig,schmutzig,264
der Anzug,Anzug,264
die Blume,Blume,262
der Feierabend,Feierabend,262
verloben,verloben,262
abfahren,abfahren,262
die Cafeteria,Cafeteria,260
die Fernbedienung,Fernbedienung,260
verkleiden,verkleiden,259
das Schwein,Schwein,259
spannen,spannen,259
der Apfel,Apfel,258
die Baumwolle,Baumwolle,258
hierher,hierher,257
das Genre,Genre,256
küssen,küssen,256
italienisch,Italienisch,256
der Blitz,Blitz,255
geschockt,schocken,255
der Herd,Herd,254
der Vorname,Vorname,254
die Regisseurin,Regisseurin,254
faul,faul,252
der Becher,Becher,251
der Kumpel,Kumpel,251
leihen,leihen,250
umbringen,umbringen,249
gebraten,braten,249
Nigeria,Nigeria,249
die Asche,Asche,248
die Ansage,Ansage,247
der Imbiss,Imbiss,247
der Zahn,Zahn,245
die Grammatik,Grammatik,245
die Sauberkeit,Sauberkeit,244
die Socke,Socke,243
die Hüfte,Hüfte,242
der Sack,Sack,242
die Bohne,Bohne,241
das Mädel,Mädel,241
abgesperrt,absperren,240
der Appetit,Appetit,238
nirgends,nirgends,238
die Keramik,Keramik,238
der Vorhang,Vorhang,237
joggen,joggen,237
das Kaninchen,Kaninchen,237
blitzen,blitzen,237
geradeaus,geradeaus,237
der Friseur,Friseur,237
anzünden,anzünden,237
die Ermäßigung,Ermäßigung,236
das Date,Date,235
das Seil,Seil,234
die Zigarette,Zigarette,233
konkurrieren,konkurrieren,233
blöd,blöd,231
das Geburtsdatum,Geburtsdatum,231
der Winzer,Winzer,231
spinnen,spinnen,231
herein,herein,231
nervig,nervig,229
modisch,modisch,228
zerbrechen,zerbrechen,227
das Doppelzimmer,Doppelzimmer,227
der Straftäter,Straftäter,226
die Tante,Tante,226
die Pommes,Pommes,226
höflich,höflich,225
der Dschungel,Dschungel,225
die Visitenkarte,Visitenkarte,224
der Gruß,Gruß,224
der Ehepartner,Ehepartner,223
argentinisch,argentinisch,223
der Bart,Bart,222
der Programmierer,Programmierer,221
die Lektion,Lektion,221
das Reisebüro,Reisebüro,221
das Ballett,Ballett,221
der Nacken,Nacken,220
die Kosmetik,Kosmetik,220
der Gürtel,Gürtel,219
der Joghurt,Joghurt,219
der Flohmarkt,Flohmarkt,218
die Witwe,Witwe,217
die Doku,Doku,216
der Wagen,Wagen,215
das Taschengeld,Taschengeld,214
der Schaden,Schaden,213
rum,rum,213
die Schriftstellerin,Schriftstellerin,213
das Mineralwasser,Mineralwasser,210
der Unsinn,Unsinn,210
gruselig,gruselig,210
die Lüge,Lüge,207
die Reportage,Reportage,207
arrangieren,arrangieren,207
der Mantel,Mantel,207
das Dessert,Dessert,207
einschlafen,einschlafen,206
hässlich,hässlich,205
auspacken,auspacken,204
einpacken,einpacken,204
der Zirkus,Zirkus,204
die Frisur,Frisur,203
nicken,nicken,203
der Pullover,Pullover,203
die Speisekarte,Speisekarte,202
ausruhen,ausruhen,202
das Geschirr,Geschirr,200
die Schere,Schere,200
schimpfen,schimpfen,199
die Badewanne,Badewanne,199
der Oberschenkel,Oberschenkel,198
das Hemd,Hemd,198
der Kompass,Kompass,197
der Bahnsteig,Bahnsteig,197
die Beamtin,Beamtin,196
das Portemonnaie,Portemonnaie,195
trösten,trösten,193
der Knall,Knall,193
das Hormon,Hormon,193
die Meile,Meile,192
rau,Rau,192
bewölkt,Bewölkt,191
die Seife,Seife,191
die Braut,Braut,191
verwirrt,verwirrt,191
die Disco,Disco,190
das Lächeln,lächeln,188
vorwärts,vorwärts,187
neulich,neulich,187
verreist,verreisen,185
verreisen,verreisen,185
das Gebirge,Gebirge,184
pink,Pink,184
der Treibstoff,Treibstoff,184
nachher,nachher,183
der Abflug,Abflug,183
der Wecker,Wecker,183
die Erkältung,Erkältung,182
grinsen,grinsen,182
Äthiopien,Äthiopien,182
der Kellner,Kellner,182
der Untertitel,Untertitel,181
die Geldbörse,Geldbörse,181
der Schweiß,Schweiß,181
die Popularität,Popularität,179
eilig,eilig,179
der Volleyball,Volleyball,179
die Biene,Biene,179
der Mist,Mist,176
der Sessel,Sessel,175
krass,krass,175
das Handtuch,Handtuch,175
die Gurke,Gurke,175
das Schwert,Schwert,174
das Porzellan,Porzellan,174
der Doktor,Doktor,173
vergiften,vergiften,173
das Gebäck,Gebäck,172
die Soße,Soße,172
der Kuss,Kuss,171
der Heimweg,Heimweg,171
der Pakt,Pakt,170
der Fuß,Fuß,170
unbequem,unbequem,170
der Knoblauch,Knoblauch,169
sexy,Sexy,167
sonnig,Sonnig,167
die Marmelade,Marmelade,165
der Vorsatz,Vorsatz,165
pessimistisch,pessimistisch,164
die Nationalität,Nationalität,163
chatten,chatten,163
die Eile,Eile,163
gestresst,stressen,160
das Reh,Reh,160
der Felsen,Fels,160
lila,Lila,159
das Mitleid,Mitleid,159
der Durst,Durst,158
uralt,uralt,158
die Tram,Tram,158
die Textur,Textur,156
der Schlauch,Schlauch,156
letzt,letzt,155
schüchtern,schüchtern,154
wärmen,wärmen,154
die Klamotte,Klamotte,153
das Gewürz,Gewürz,152
die Bewohnerin,Bewohnerin,151
der Eimer,Eimer,151
die Kundin,Kundin,150
der Löffel,Löffel,150
frühstücken,frühstücken,149
der Essig,Essig,149
die Sohle,Sohle,147
die Tüte,Tüte,146
ängstlich,ängstlich,146
widerstehen,widerstehen,145
diszipliniert,diszipliniert,145
der Bub,Bub,144
der Millionär,Millionär,144
der Wochentag,Wochentag,144
der Fahrgast,Fahrgast,143
die Kirsche,Kirsche,143
die Mikrowelle,Mikrowelle,143
die Arktis,Arktis,143
das Kostüm,Kostüm,142
der Stiefel,Stiefel,142
die Sonnenbrille,Sonnenbrille,142
die Mütze,Mütze,141
die Antarktis,Antarktis,140
die Briefmarke,Briefmarke,140
ungeduldig,ungeduldig,140
bügeln,bügeln,139
die Spritze,Spritze,138
die Polizistin,Polizistin,137
die Schusswaffe,Schusswaffe,136
die Verkäuferin,Verkäuferin,135
der Mülleimer,Mülleimer,135
die Windschutzscheibe,Windschutzscheibe,134
die Bluse,Bluse,133
das Unkraut,Unkraut,133
der Reiseführer,Reiseführer,132
das Kaufhaus,Kaufhaus,132
die Geige,Geige,132
die Vorwahl,Vorwahl,132
das Stadtviertel,Stadtviertel,131
die Shorts,Short,131
die Pappe,Pappe,131
die Umarmung,Umarmung,130
das Wörterbuch,Wörterbuch,129
der Zauberer,Zauberer,129
schwören,schwören,129
die Zitrone,Zitrone,129
einstürzen,einstürzen,127
der Kürbis,Kürbis,126
haupt,Haupt,124
das Trinkgeld,Trinkgeld,123
die Gabel,Gabel,122
das Einzelzimmer,Einzelzimmer,122
die Kappe,Kappe,121
zerkleinern,zerkleinern,121
fürchterlich,fürchterlich,119
das Kraut,Kraut,118
lackieren,lackieren,118
blinken,blinken,118
kauen,kauen,118
der Zimt,Zimt,118
wertlos,wertlos,117
die Pünktlichkeit,Pünktlichkeit,115
das Würstchen,Würstchen,115
das Besteck,Besteck,114
die Rentnerin,Rentnerin,114
flirten,flirten,114
wasserdicht,Wasserdicht,114
umarmen,umarmen,113
die Wissenschaftlerin,Wissenschaftlerin,112
windig,windig,111
meckern,meckern,111
die Stube,Stube,111
die Tänzerin,Tänzerin,110
der Bleistift,Bleistift,109
die Banane,Banane,109
das Genie,Genie,108
die Karotte,Karotte,108
der Motorroller,Motorroller,108
die Torte,Torte,108
irgend,irgend,108
der Regenbogen,Regenbogen,107
die Sekretärin,Sekretärin,106
das Huhn,Huhn,106
pflegeleicht,pflegeleicht,105
der Spinat,Spinat,104
doof,doof,104
die Ehe,Ehe,103
das Ladegerät,Ladegerät,103
der Geburtsort,Geburtsort,103
buddhistisch,buddhistisch,103
der Gummi,Gummi,101
das Parfüm,Parfüm,101
die Aktivistin,Aktivistin,101
das Apartment,Apartment,101
der Apparat,Apparat,101
der Wasserkocher,Wasserkocher,100
wehtun,wehtun,98
der Vetter,Vetter,97
die Mülltonne,Mülltonne,96
der Ventilator,Ventilator,95
die Enkelin,Enkelin,95
die Eule,Eule,94
ohnmächtig,ohnmächtig,94
die Seide,Seide,93
die Klammer,Klammer,93
das Müsli,Müsli,92
die Fluglinie,Fluglinie,92
gut aussehend,aussehend,92
die Architektin,Architektin,92
der Idiot,Idiot,91
der Regenschirm,Regenschirm,91
der Dom,Dom,91
der Kaugummi,Kaugummi,90
die Sportlerin,Sportlerin,90
kriechen,kriechen,89
der Turnschuh,Turnschuh,89
der Iraner,Iraner,89
der Nachtisch,Nachtisch,88
das Polyester,Polyester,88
die Gärtnerei,Gärtnerei,88
ankreuzen,ankreuzen,88
blass,Blass,88
unfreundlich,unfreundlich,87
fürsorglich,fürsorglich,87
die Premierministerin,Premierministerin,87
violett,Violett,87
die Schraube,Schraube,87
die Geschmacksrichtung,Geschmacksrichtung,86
die Vorspeise,Vorspeise,86
bürsten,bürsten,86
besprühen,besprühen,85
der Misserfolg,Misserfolg,84
das Rind,Rind,84
der Schinken,Schinken,84
die Metzgerei,Metzgerei,83
die Köchin,Köchin,83
hoffnungsvoll,Hoffnungsvoll,83
der Geschirrspüler,Geschirrspüler,82
der Sekretär,Sekretär,82
phasenweise,phasenweise,81
der Laden,Laden,81
die Saat,Saat,80
salzig,salzig,80
inserieren,inserieren,80
hinstellen,hinstellen,79
der Regen,Regen,79
der Pickel,Pickel,78
der Automat,Automat,78
die Schweizerin,Schweizerin,78
weben,weben,77
die Hausfrau,Hausfrau,76
schlapp,schlapp,74
der Trickfilm,Trickfilm,74
das Elektrogerät,Elektrogerät,74
entmutigen,entmutigen,73
das Lamm,Lamm,73
die Arbeitgeberin,Arbeitgeberin,72
der Mechatroniker,Mechatroniker,72
das Insekt,Insekt,71
beeilen,beeilen,71
die Himmelsrichtung,Himmelsrichtung,70
ledig,ledig,69
startklar,startklar,69
glitzern,glitzern,68
das Lokal,Lokal,68
drüben,drüben,68
mitkommen,mitkommen,67
die Romanze,Romanze,67
die Schildkröte,Schildkröte,67
die Mailbox,Mailbox,67
amerikanisch,Amerikanisch,67
das Brauhaus,Brauhaus,67
egoistisch,egoistisch,67
der Familienstand,Familienstand,66
jobben,jobben,66
die Wange,Wange,65
der Ratschlag,Ratschlag,65
übermorgen,übermorgen,65
das Hackfleisch,Hackfleisch,65
nächst,Nächst,65
vorgestern,vorgestern,64
das Velo,Velo,62
die Überschwemmung,Überschwemmung,62
die Schaufel,Schaufel,62
viel zu + Adjektiv,Adjektiv,61
der Pudding,Pudding,61
die Fernsehserie,Fernsehserie,61
die Sandale,Sandale,61
der Spitzname,Spitzname,61
das Adjektiv,Adjektiv,61
die Besucherin,Besucherin,60
der Amateur,Amateur,60
der Rat,Rat,60
die Birne,Birne,60
gasförmig,gasförmig,59
die Historikerin,Historikerin,59
eifersüchtig,eifersüchtig,59
niederländisch,Niederländisch,58
das Hähnchen,Hähnchen,58
die Gegnerin,Gegnerin,58
der Familienname,Familienname,56
das Geburtsjahr,Geburtsjahr,56
donnern,donnern,56
die Herberge,Herberge,56
der Lügner,Lügner,56
die Mutti,Mutti,56
abhauen,abhauen,55
kapieren,kapieren,54
der Neffe,Neffe,54
der Spion,Spion,53
bücken,bücken,53
der Handschuh,Handschuh,53
scherzen,Scherze,52
der Slip,Slip,52
der Babysitter,Babysitter,51
die Allee,Allee,51
die Vase,Vase,49
farbenfroh,Farbenfroh,48
unfallfrei,unfallfrei,48
kämmen,kämmen,47
ekelhaft,ekelhaft,47
die Kichererbse,Kichererbse,46
die Traube,Traube,45
stinkend,stinkend,45
die Ingenieurin,Ingenieurin,43
der Kittel,Kittel,42
triggern,triggern,42
der Hausmann,Hausmann,42
der Keks,Keks,42
der Plural,Plural,41
anmachen,anmachen,41
die Halskette,Halskette,41
erkalten,erkalten,40
der Fotoapparat,Fotoapparat,40
gelangweilt,gelangweilen,40
der Witwer,Witwer,39
schwedisch,Schwedisch,39
introvertiert,introvertiert,39
die Friseurin,Friseurin,39
die Speise,Speise,39
abstauben,abstauben,38
die Kellnerin,Kellnerin,38
schlampig,schlampig,38
vorspielen,vorspielen,37
unhöflich,unhöflich,37
hinduistisch,hinduistisch,37
schneien,Schneie,37
umfallen,umfallen,37
die Durchsage,Durchsage,36
die Serviette,Serviette,35
nummerieren,nummerieren,35
die Kaffeetafel,Kaffeetafel,35
der Pirat,Pirat,35
töpfern,töpfern,34
die Annonce,Annonce,34
das Jackett,Jackett,34
der Rücken,Rücken,34
die Touristin,Touristin,33
neblig,neblig,33
die Kokosnuss,Kokosnuss,33
der Gefrierschrank,Gefrierschrank,32
der Kamerad,Kamerad,31
die Teenagerin,Teenagerin,31
das Aussehen,Aussehen,31
der Kurkuma,Kurkuma,31
Erntedank,Erntedank,30
die Pilotin,Pilotin,30
die Jacht,Jacht,30
vergesslich,vergesslich,29
seidig,seidig,29
das Schätzchen,Schätzchen,29
einschenken,einschenken,28
extrovertiert,extrovertiert,28
buchstabieren,buchstabieren,26
die Wohltätigkeitsorganisation,Wohltätigkeitsorganisation,26
ohrfeigen,ohrfeigen,26
der Feststoff,Feststoff,26
die Empfängerin,Empfängerin,26
der Trottel,Trottel,25
die Hauptspeise,Hauptspeise,25
der Schnurrbart,Schnurrbart,25
die Vokabel,Vokabel,25
das Nylon,Nylon,25
das Arschloch,Arschloch,24
die Kritikerin,Kritikerin,24
die Beere,Beere,22
die Agentin,Agentin,22
anlassen,anlassen,22
der Vorort,Vorort,22
das Mittagessen,Mittagessen,21
ander,ander,20
der Milliliter,Milliliter,20
das Meldeamt,Meldeamt,19
der Napf,Napf,19
der Couchtisch,Couchtisch,18
die Priesterin,Priesterin,18
der Taxistand,Taxistand,17
der Portier,Portier,17
unehrlich,unehrlich,17
die Einwohnerin,Einwohnerin,17
der Oktopus,Oktopus,17
die Technikerin,Technikerin,16
der Zucker,Zucker,16
der Denim,Denim,16
die Nebenstraße,Nebenstraße,15
einsprechen,einsprechen,15
angewidert,anwidern,14
inkorrekt,inkorrekt,14
die Tarantel,Tarantel,13
aufsagen,aufsagen,13
der Truthahn,Truthahn,13
verspäten,verspät,13
die Demonstrantin,Demonstrantin,13
nachlaufen,nachlaufen,12
abfliegen,abfliegen,12
das Ei,Ei,12
Formalität,Formalität,11
der Schleimer,Schleimer,11
austrinken,austrinken,10
die Teekanne,Teekanne,9
das Studentenheim,Studentenheim,9
die Programmiererin,Programmiererin,9
unmodern,unmodern,8
der Kühler,Kühler,7
die Doktorin,Doktorin,7
die Ausländerin,Ausländerin,7
der Nebel,Nebel,7
anbeten,anbeten,7
necken,necken,7
die Lügnerin,Lügnerin,7
die Iranerin,Iranerin,6
die Bäckerin,Bäckerin,6
der Schnupfen,Schnupfen,6
der Ski,Ski,6
der Rufname,Rufname,6
die Ehepartnerin,Ehepartnerin,6
das Andenken,Andenken,5
der Eintritt,Eintritt,5
die Piratin,Piratin,5
der Vati,Vati,5
rausschicken,rausschicken,5
das Waschbecken,Waschbecken,4
der Lesetext,Lesetext,3
die Apfelsine,Apfelsine,3
die Haut,Haut,2
anlachen,anlachen,2
die Untermiete,Untermiet,2
die Straftäterin,Straftäterin,2
das Sandwich,Sandwich,1
die Sünde,Sünde,1
der Samt,Samt,1
die Kapuzenjacke,Kapuzenjacke,1
der Haifisch,Haifisch,1
agnostisch,agnostisch,1
schwieger-,Schwieger,1
die Teigtasche,Teigtasche,1
iranisch,Iranisch,1
die Amateurin,Amateurin,1
schmilzen,Schmilz,1
garnich,Garnich,1
das E-Book,E-Book,0
die Creme,Creme,0
die Ohrfeige,Ohrfeige,0
die WG,WG,0
das Quiz,Quiz,0
das Lotto,Lotto,0
die Suche,Suche,0
die S-Bahn,S-Bahn,0
der-die Erwachsene,erwachsene,0
unmodisch,unmodisch,0
die Millionärin,Millionärin,0
die Wärme,Wärme,0
dorther,dorther,0
die Mechatronikerin,Mechatronikerin,0
Ägypten,Ägypten,0
die Fundsache,Fundsache,0
der-die Jugendliche,jugendliche,0
die Bank  (Finanzinstitut),--,0
die Sprechstunde,Sprechstunde,0
die Rote Beete,Beete,0
der Zoll,Zoll,0
die Nichte,Nichte,0
die Unterwäsche,Unterwäsche,0
die CD,CD,0
das Übergewicht,Übergewicht,0
die Vetterin,Vetterin,0
die Unterhose,Unterhose,0
der BH,BH,0
der Deutscher,deutsche,0
stock-,Stock-,0
vor Kurzem,Kurz,0
entweder ... oder ...,--,0
der Ohrring,Ohrring,0
die Wolle,Wolle,0
der Junge,Junge,0
die Parfumerie,Parfumerie,0
die Spüle,Spüle,0
der Reifen,Reifen,0
die Klappcouch,Klappcouch,0
die Oma,Oma,0
die Bank (Sitzgelegenheit),--,0
die Fahrkarte,Fahrkarte,0
der Opa,Opa,0
die Portierin,Portierin,0
das Verbrechen,Verbrechen,0
die E-Mail,E-Mail,0
die Deutsche,deutsche,0
die Decke,Decke,0
die Ärztin,Ärztin,0
das T-Shirt,T-Shirt,0
die Großeltern,Großelter,0
die Nachbarin,Nachbarin,0
das Zelt,Zelt,0
die Bitte,Bitte,0
der-die Bekannte,bekannte,0
das Schloss,Schloss,0
der Nichtraucher,Nichtraucher,0
die Stelle,Stelle,0
das Alter,Alter,0
der Gefallen,Gefallen,0
der Zeh,Zeh,0
der Morgen,Morgen,0
das Mitnehmen,Mitnehmen,0
der Flip-Flop,Flip-Flop,0
der Dank,Dank,0
das Fax,Fax,0
die U-Bahn,U-Bahn,0
die Ferien,Ferien,0
meist-,meist-,0
lieb-,lieb-,0
das Öl,Öl,0
das Verb,Verb,0
die Vermieterin,Vermieterin,0
der Arm,Arm,0
der Po,Po,0
das Fest,Fest,0
die Sprühflasche,Sprühflasche,0
der Schal,Schal,0
der Husten,Husten,0
der Quatsch,Quatsch,0
